Metadata Name,Profiles,Permission Sets,Permission Set Groups
AbstractTriggerHandler,['System Administrator'],[],[]
AccountFactory,['System Administrator'],[],[]
AdvisorPortalCase,['System Administrator'],['Role: Academic Advisor Portal (Service Users)'],[]
AdvisorPortalCaseTest,['System Administrator'],[],[]
AdvisorPortalContact,['System Administrator'],['Role: Academic Advisor Portal (Service Users)'],[]
AdvisorPortalContactTest,['System Administrator'],[],[]
AdvisorPortalFilter,['System Administrator'],['Role: Academic Advisor Portal (Service Users)'],[]
AdvisorPortalFilterSectionController,['System Administrator'],['Role: Academic Advisor Portal (Service Users)'],[]
AdvisorPortalFilterSectionControllerTest,['System Administrator'],[],[]
AdvisorPortalMassEmailControllerTest,['System Administrator'],[],[]
AdvisorPortalMassEmailModalController,['System Administrator'],['Role: Academic Advisor Portal (Service Users)'],[]
AdvisorPortalMassTransferController,['System Administrator'],['Role: Academic Advisor Portal (Service Users)'],[]
AdvisorPortalMassTransferControllerTest,['System Administrator'],[],[]
AdvisorPortalMassUpdateController,['System Administrator'],['Role: Academic Advisor Portal (Service Users)'],[]
AdvisorPortalMassUpdateControllerTest,['System Administrator'],[],[]
AdvisorPortalTopLevelFilterController,['System Administrator'],['Role: Academic Advisor Portal (Service Users)'],[]
AdvisorPortalTopLevelFilterTest,['System Administrator'],[],[]
AKBController,['System Administrator'],[],[]
AKBControllerTest,['System Administrator'],[],[]
AlertHandler,['System Administrator'],[],[]
AlertHandlerTest,['System Administrator'],[],[]
AllPublishedArticlesController,['System Administrator'],['Additional Administrator Permissions'],[]
AllPublishedArticlesControllerTest,['System Administrator'],[],[]
apiSSC_AllCoachesController,['System Administrator'],[],[]
apiSSC_AllCoachesControllerTest,['System Administrator'],[],[]
apiSSC_AvailableCoachesCountController,['System Administrator'],[],[]
apiSSC_AvailableCoachesCount_Test,['System Administrator'],[],[]
apiSSC_AvailableCoachesListController2,['System Administrator'],[],[]
apiSSC_AvailCoachesListCont2_Test,['System Administrator'],[],[]
apiSSC_CoachAllOpenCasesController,['System Administrator'],[],[]
apiSSC_CoachAllOpenCasesControllerTest,['System Administrator'],[],[]
apiSSC_CoachOpenCasesController,['System Administrator'],[],[]
apiSSC_CoachOpenCasesControllerTest,['System Administrator'],[],[]
apiSSC_CoachStudentTypeController,['System Administrator'],[],[]
apiSSC_CoachStudentTypeControllerTest,['System Administrator'],[],[]
apiSSC_MessagingAccountCreatedController,['System Administrator'],[],[]
apiSSC_MessagingAccountCreated_Test,['System Administrator'],[],[]
apiSSC_MyASUCoachController,['System Administrator'],[],[]
apiSSC_MyASUCoachControllerTest,['System Administrator'],[],[]
apiSSC_MyASUCoachesController,['System Administrator'],[],[]
apiSSC_MyASUCoachesControllerTest,['System Administrator'],[],[]
apiSSC_MyCoachController,['System Administrator'],[],[]
apiSSC_MyCoachControllerTest,['System Administrator'],[],[]
ASUBrandHeaderController,['System Administrator'],[],[]
ASUBrandUtilities,['System Administrator'],[],[]
AttachmentDispatcher,['System Administrator'],[],[]
AttachmentFactory,['System Administrator'],[],[]
AttachmentService,['System Administrator'],[],[]
AttachmentServiceTest,['System Administrator'],[],[]
AttachmentTriggerTest,['System Administrator'],[],[]
AugmentedStaffCaseController,['System Administrator'],['Augmented Staff Case Creation'],[]
AugmentedStaffCaseControllerTest,['System Administrator'],[],[]
AutoSubscriberFilterHelper,['System Administrator'],[],[]
AutoSubscriberFilterHelperTest,['System Administrator'],[],[]
AutoSubscriberHelper,['System Administrator'],[],[]
AutoSubscriberHelperTest,['System Administrator'],[],[]
AutoSubscriberService,['System Administrator'],[],[]
AutoSubscriberServiceTest,['System Administrator'],[],[]
AutoSubscriberTest,['System Administrator'],[],[]
BatchAccountDeferredLeadTA,['System Administrator'],[],[]
BatchAccountDeferredOppTA,['System Administrator'],[],[]
BatchApplyIerPrivacy,['System Administrator'],[],[]
BatchApplyIerPrivacyTest,['System Administrator'],[],[]
BatchApplySubscriberPrivacy,['System Administrator'],[],[]
BatchApplySubscriberPrivacyTest,['System Administrator'],[],[]
BatchDeferredTATest,['System Administrator'],[],[]
BatchTARDeferredLeadTA,['System Administrator'],[],[]
BatchTARDeferredOppTA,['System Administrator'],[],[]
BomgarCreateCaseTriggerTest,"['ASU Read Only', 'ASU View All Data', 'Bomgar Profile', 'System Administrator']",[],[]
BomgarCreateCaseUtil,"['ASU Read Only', 'ASU View All Data', 'Bomgar Profile', 'System Administrator']",[],[]
BomgarCreateCaseUtilTest,"['ASU Read Only', 'ASU View All Data', 'Bomgar Profile', 'System Administrator']",[],[]
BomgarSurveyUpdateTriggerTest,"['ASU Read Only', 'ASU View All Data', 'Bomgar Profile', 'System Administrator']",[],[]
BulkApiManager,['System Administrator'],[],[]
BulkApiManagerTest,['System Administrator'],[],[]
BulkMessageComponentController,['System Administrator'],"['SMS Magic Academic Advising', 'SMS Magic First Year Success Coach']","['SMS Magic Users - Academic Advisors Manager', 'SMS Magic Users - Academic Advisors Staff', 'SMS Magic Users - FYS']"
BulkMessageComponentControllerTest,['System Administrator'],"['SMS Magic Academic Advising', 'SMS Magic First Year Success Coach']","['SMS Magic Users - Academic Advisors Manager', 'SMS Magic Users - Academic Advisors Staff', 'SMS Magic Users - FYS']"
BusinessUnitFactory,['System Administrator'],[],[]
CampaignDispatcher,['System Administrator'],[],[]
CampaignHashUpdateBatch,['System Administrator'],[],[]
CampaignMemberDispatcher,['System Administrator'],[],[]
CampaignMemberFactory,['System Administrator'],[],[]
CampaignMemberManagementController,"['ASU Recruitment - Team (ESISD)', 'ASU Recruitment - Graduate Recruiter', 'ASU Read Only', 'ASU Marketing User', 'ASU View All Data', 'ASU Recruitment - Applicant Services', 'ASU Recruitment - Business Operations', 'ASU Recruitment - Freshman Recruiter', 'ASU Recruitment - Admission Services', 'ASU Recruitment - Transfer Recruiter', 'ASU Recruitment - International Recruiter', 'ASU Recruitment - Events', 'ASU Recruitment - Havasu', 'ASU Recruitment - Leads (ESISD)', 'ASU Recruitment - Freshman Recruiter (Temp Access to Org Wide)', 'ASU Recruitment - Business Intelligence', 'System Administrator']",['Role: Recruiting (Service Users)'],[]
CampaignMemberManagementControllerTest,['System Administrator'],[],[]
CampaignMemberService,['System Administrator'],[],[]
CampaignMemberTriggerTest,['System Administrator'],[],[]
CampaignService,['System Administrator'],[],[]
CampaignTriggerTest,['System Administrator'],[],[]
CarScrambler,['System Administrator'],[],[]
CarScramblerTest,['System Administrator'],[],[]
CARService,['System Administrator'],[],[]
CaseAssignmentRuleAccessor,['System Administrator'],[],[]
CaseAssignmentRuleAccessorTest,['System Administrator'],[],[]
CaseClassificationFactory,['System Administrator'],[],[]
CaseClassificationPicklistService,['System Administrator'],[],[]
CaseClassificationPicklistTest,['System Administrator'],[],[]
CaseClassifier,['System Administrator'],[],[]
CaseCreationFormController,"['ASU Service - Success Coach', 'System Administrator']","['Role: Academic Advisor Portal (Service Users)', 'Role: EdPlus Coach Portal (Non-Success Coach)']",[]
CaseCreationFormControllerTest,['System Administrator'],[],[]
CaseDetailWithClassificationController,['System Administrator'],[],[]
CaseDetailWithClassificationTest,['System Administrator'],[],[]
CaseDetailWithRelatedCasesController,['System Administrator'],[],[]
CaseFactory,['System Administrator'],[],[]
CaseHandler,['System Administrator'],[],[]
CaseInboundEmailHandler,['System Administrator'],['Additional Administrator Permissions'],[]
CaseInboundEmailHandlerTest,['System Administrator'],[],[]
CaseListTransferController,['System Administrator'],[],[]
CaseListTransferControllerTest,['System Administrator'],[],[]
CaseOperationsForSandBoxRefresh,['System Administrator'],[],[]
CaseOperationsForSandBoxRefreshTest,['System Administrator'],[],[]
CaseScrambler,['System Administrator'],[],[]
CaseService,['System Administrator'],[],[]
CaseShowAllAttachmentsControllerExt,"['ASU Service - MasterCard Program', 'ASU Service - Public Service Academy', 'ASU Service - Biosafety', 'ASU Service - New College Deans Office', 'ASU Service - Engineering - K12 Engineering Education', 'ASU Service - University Events & Protocol', 'ASU Service - Psychology Research Advancement', 'ASU Service - ASU Local', 'ASU Service - The College - Interplanetary Initiatives', 'ASU Service - Watts Bridging Success', 'ASU Service - ASU Family Programs', 'ASU Service - TC SOLS Academic Integrity', 'ASU Service - DNASU Plasmid Repository', 'ASU Service - Success Courses', 'ASU Service - Opportunities for Youth', 'ASU Service - ATCS and Study Abroad', 'ASU Service - TC - SCETL', 'ASU Service - Explore', 'ASU Service - College of Global Futures', 'ASU Service - Enrollment Analysis', 'ASU Service - International Students and Scholars Center SMS', 'ASU Service - Engineering - Poly HR', 'ASU Service - Information Technology Support Hub', 'ASU Service - SMS API', 'ASU Service - Design and the Arts', 'ASU Service - International Initiatives Graduate Education', 'ASU Service - W. P. Carey Business', 'ASU Service - Parking and Transit Services', 'ASU Service - First Year Success Center', 'ASU Service - Pat Tillman Veteran Center', 'ASU Service - Thunderbird', 'ASU Service - EOSS', 'ASU Service - Sun Devil Card Services', 'ASU Service - Career Services', 'ASU Service - University Academic Success Programs', 'ASU Service - Honors', 'ASU Service - Journalism', 'ASU Service - Office of the University Provost', 'ASU Service - TC - AIS', 'ASU Service - TC  - The Sanford School', 'ASU Service - TC - SST', 'ASU Service - TC - Army ROTC', 'ASU Service - ASU Salesforce Support', 'ASU Service - International Students and Scholars Center', 'ASU Service - School for the Future of Innovation in Society', 'ASU Service - American Indian Student Support Services', 'ASU Service - ASU Wellness', 'ASU Service - Student Engagement', 'ASU Service - TRIO', 'ASU Service - TC - Air Force ROTC', 'ASU Service - TC - Navy ROTC', 'ASU Service - Fraternity & Sorority Life', 'ASU Service - Dean of Students', 'ASU Service - Enterprise Marketing Hub', 'ASU Service - Print Anywhere Tier 2', 'ASU Service - Sun Devil Fitness', 'ASU Service - MU Information Desk', 'ASU Service - Sun Devil Dining', 'ASU Service - Student Government', 'ASU Service - Strategic Initiatives', 'ASU Service - Financial Aid', 'ASU Service - Registrar', 'ASU Service - Student Business Services', 'ASU Service - ASU Online', 'ASU Service - ESM Online', 'ASU Service - Help Desk', 'ASU Service - W. P. Carey Tech Services', 'ASU Service - Tech Studio', 'ASU Service - Engineering IT', 'ASU Service - Identity Management', 'ASU Service - Student Success Innovations', 'ASU Service - Office of the President', 'ASU Service - Library Services(ARCHIVE)', 'ASU Service - Integrated Services', 'ASU Service - TEMPLATE', 'ASU Service - Graduate College', ""ASU Service - Engineering - Dean's Office"", 'ASU Service - Engineering - GOEE', 'ASU Service - Engineering - Poly', 'ASU Service - Engineering - SBHSE', 'ASU Service - Engineering - SEMTE', 'ASU Service - Engineering - SSEBE', 'ASU Service - Engineering - ECEE', 'ASU Service - Engineering - CIDSE', 'ASU Service - Access ASU Outreach', 'ASU Service - New Student Programs', 'ASU Service - University Housing', 'ASU Training - College of ASU', 'ASU Training - Department of ASU', 'ASU Service - Sustainability', 'ASU Service - Teachers College', 'ASU Service - Public Service', 'ASU Service - Nursing', 'ASU Service - Health Solutions', 'ASU Service - New College', 'ASU Service - Universal Learner Courses', 'ASU Service - LMS Support', 'ASU Service - Academic Transfer Credit Solutions', ""ASU Service - TC - Dean's Office"", 'ASU Service - TC - English', 'ASU Service - TC - SILC', 'ASU Service - TC - SHPRS', 'ASU Service - TC - SESE', 'ASU Service - TC - SOLS', 'ASU Service - TC - SoMSS', 'ASU Service - TC  - SMS', 'ASU Service - TC - Physics', 'ASU Service - TC - Psychology', 'ASU Service - Curricular Activities and Actions', 'ASU Service - TC - STS', 'ASU Service - TC - SGSUP', 'ASU Service - TC - HDSHC', 'ASU Service - TC - SPGS', 'ASU Service - TC - SHESC', 'ASU Service - Integrative Sciences and Arts', 'ASU Service - Global Education Office', 'ASU Service - Student & Cultural Engagement', 'ASU Service - International Student Engagement', 'ASU Service - Changemaker Central', 'ASU Service - Sun Devil Athletics', 'ASU Service - Office of the President (Temp Access to Org Wide)', 'ASU Service - ASU-USA Pathways', 'ASU Service - First in the World Grant', 'ASU Service - ITCSS Library Services', 'ASU Service - Success Coach', 'ASU Service - TC - ISSR', 'ASU Service - Academic Partnerships', 'ASU Service - Student Accessibility and Inclusive Learning Services', 'System Administrator']","['Additional Administrator Permissions', 'Role: Academic Advisor Portal (Service Users)', 'Role: EdPlus Coach Portal (Non-Success Coach)', 'Success Portal Management (EdPlus)']",[]
CaseShowAllAttachmentsControllerExtTest,['System Administrator'],[],[]
CaseStatusHttpMockCallout,['System Administrator'],[],[]
CaseTransferMassController,"['ASU Service - Success Coach', 'System Administrator']","['Role: Academic Advisor Portal (Service Users)', 'Role: EdPlus Coach Portal (Non-Success Coach)', 'Success Portal Management (EdPlus)']",[]
CaseTransferMassControllerTest,['System Administrator'],[],[]
CaseTriggerTest,['System Administrator'],[],[]
CaseUtilities,['System Administrator'],[],[]
CaseUtilitiesTest,['System Administrator'],[],[]
CaseWebformCloser,['System Administrator'],[],[]
CaseWebformCloserTest,['System Administrator'],[],[]
ChangePasswordController,['System Administrator'],['Additional Administrator Permissions'],[]
ChangePasswordControllerTest,['System Administrator'],['Additional Administrator Permissions'],[]
ChatMessage,['System Administrator'],[],[]
ChatMessageTest,['System Administrator'],[],[]
CheckRecursion,['System Administrator'],[],[]
CivitasPersistenceController,['System Administrator'],[],[]
CivitasPersistenceControllerTest,['System Administrator'],[],[]
CoachPortalMainPageController,"['ASU Service - Success Coach', 'System Administrator']",['Role: EdPlus Coach Portal (Non-Success Coach)'],[]
CoachPortalMainPageControllerTest,['System Administrator'],[],[]
CommunicationHistoryController,['System Administrator'],[],[]
CommunicationHistoryControllerTest,['System Administrator'],[],[]
CommunitiesLandingController,['System Administrator'],[],[]
CommunitiesLandingControllerTest,['System Administrator'],[],[]
CommunitiesLoginController,['System Administrator'],[],[]
CommunitiesLoginControllerTest,['System Administrator'],[],[]
CommunitiesSelfRegController,['System Administrator'],[],[]
CommunitiesSelfRegControllerTest,['System Administrator'],[],[]
ConstituentDetail,['System Administrator'],[],[]
ConstituentMatcher,['System Administrator'],[],[]
ConstituentMatcherTest,['System Administrator'],[],[]
ContactFactory,['System Administrator'],[],[]
ContactHandler,['System Administrator'],['Additional Administrator Permissions'],[]
ContactHashUpdateBatch,['System Administrator'],[],[]
ContactMatcherAPI,['System Administrator'],[],[]
ContactMatcherAPITest,['System Administrator'],[],[]
ContactMatcherBatch,['System Administrator'],[],[]
ContactMatcherBatchTest,['System Administrator'],[],[]
ContactOperationsForSandBoxRefresh,['System Administrator'],[],[]
ContactOperationsForSandBoxRefreshTest,['System Administrator'],[],[]
ContactPhoneAdder,['System Administrator'],[],[]
ContactPinUtility,['System Administrator'],[],[]
ContactScrambler,['System Administrator'],[],[]
ContactScramblerTest,['System Administrator'],[],[]
ContactService,['System Administrator'],[],[]
ContactTriggerTest,['System Administrator'],[],[]
ContactUploadAddFileExtension,['System Administrator'],[],[]
ContactUploadAddFileExtensionTest,['System Administrator'],[],[]
ContactUploadBatch,['System Administrator'],[],[]
ContactUploadBatchTest,['System Administrator'],[],[]
ContactUploadDetailFactory,['System Administrator'],[],[]
ContactUploadDetailService,['System Administrator'],[],[]
ContactUploadDetailServiceTest,['System Administrator'],[],[]
ContactUploadFactory,['System Administrator'],[],[]
ContactUploadFileReader,['System Administrator'],[],[]
ContactUploadSearcher,['System Administrator'],[],[]
ContactUploadSearcherTest,['System Administrator'],[],[]
ContactUploadValidator,['System Administrator'],[],[]
ContactUploadValidatorTest,['System Administrator'],[],[]
ConversationDispatcher,['System Administrator'],"['SMS Magic Academic Advising', 'SMS Magic First Year Success Coach']","['SMS Magic Users - Academic Advisors Manager', 'SMS Magic Users - Academic Advisors Staff', 'SMS Magic Users - FYS']"
ConversationDispatcherTest,['System Administrator'],"['SMS Magic Academic Advising', 'SMS Magic First Year Success Coach']","['SMS Magic Users - Academic Advisors Manager', 'SMS Magic Users - Academic Advisors Staff', 'SMS Magic Users - FYS']"
ConversationServicer,['System Administrator'],"['SMS Magic Academic Advising', 'SMS Magic First Year Success Coach']","['SMS Magic Users - Academic Advisors Manager', 'SMS Magic Users - Academic Advisors Staff', 'SMS Magic Users - FYS']"
ConversationServiceTest,['System Administrator'],[],[]
CrossOrgShareCallout,['System Administrator'],[],[]
CrossOrgShareCalloutMock,['System Administrator'],[],[]
CrossOrgShareCalloutTest,['System Administrator'],[],[]
CrossOrgShareUtilities,['System Administrator'],[],[]
CrossOrgShareUtilitiesTest,['System Administrator'],[],[]
CsvIterator,['System Administrator'],[],[]
CsvManager,['System Administrator'],[],[]
CsvManagerTest,['System Administrator'],[],[]
CsvReader,['System Administrator'],[],[]
CsvReaderTest,['System Administrator'],[],[]
customAlert,['System Administrator'],[],[]
CustomSenderService,['System Administrator'],"['SMS Magic Academic Advising', 'SMS Magic First Year Success Coach']","['SMS Magic Users - Academic Advisors Manager', 'SMS Magic Users - Academic Advisors Staff', 'SMS Magic Users - FYS']"
CustomSenderServiceTest,['System Administrator'],"['SMS Magic Academic Advising', 'SMS Magic First Year Success Coach']","['SMS Magic Users - Academic Advisors Manager', 'SMS Magic Users - Academic Advisors Staff', 'SMS Magic Users - FYS']"
DataComHierarchiesControllerExtension,"['ASU Corporate Relations', 'System Administrator']","['Merge Accounts and Contacts', 'Role: Corporate Relations']",['IAM Staff User Setup']
DataComHierarchiesControllerTest,['System Administrator'],[],[]
DeferredTABatchScheduler,['System Administrator'],[],[]
EdPlusAggregatedNotesController,"['ASU Service - MasterCard Program', 'ASU Service - Public Service Academy', 'ASU Service - Biosafety', 'ASU Service - New College Deans Office', 'ASU Service - Engineering - K12 Engineering Education', 'ASU Service - University Events & Protocol', 'ASU Service - Psychology Research Advancement', 'ASU Service - ASU Local', 'ASU Service - The College - Interplanetary Initiatives', 'ASU Service - Watts Bridging Success', 'ASU Service - ASU Family Programs', 'ASU Service - TC SOLS Academic Integrity', 'ASU Service - DNASU Plasmid Repository', 'ASU Recruitment - Team (ESISD)', 'ASU Service - Success Courses', 'ASU Service - Opportunities for Youth', 'ASU Service - ATCS and Study Abroad', 'ASU Service - TC - SCETL', 'API User - Ed Plus Org', 'ASU Service - Explore', 'ASU Service - College of Global Futures', 'ASU Service - Enrollment Analysis', 'ASU Service - International Students and Scholars Center SMS', 'ASU Service - Engineering - Poly HR', 'ASU Service - Information Technology Support Hub', 'ASU Service - SMS API', 'ASU Service - Design and the Arts', 'ASU Service - International Initiatives Graduate Education', 'ASU Service - W. P. Carey Business', 'ASU Service - Parking and Transit Services', 'ASU Service - First Year Success Center', 'ASU Service - Pat Tillman Veteran Center', 'ASU Service - Thunderbird', 'ASU Service - EOSS', 'ASU Service - Sun Devil Card Services', 'ASU Service - Career Services', 'ASU Service - University Academic Success Programs', 'ASU Service - Honors', 'ASU Service - Journalism', 'ASU Service - Office of the University Provost', 'ASU Service - TC - AIS', 'ASU Service - TC  - The Sanford School', 'ASU Service - TC - SST', 'ASU Service - TC - Army ROTC', 'ASU Service - ASU Salesforce Support', 'ASU Service - International Students and Scholars Center', 'ASU Recruitment - Graduate Recruiter', 'ASU Service - School for the Future of Innovation in Society', 'ASU Service - American Indian Student Support Services', 'ASU Service - ASU Wellness', 'ASU Service - Student Engagement', 'ASU Service - TRIO', 'ASU Service - TC - Air Force ROTC', 'ASU Service - TC - Navy ROTC', 'ASU Service - Fraternity & Sorority Life', 'ASU Service - Dean of Students', 'ASU Service - Enterprise Marketing Hub', 'ASU Service - Print Anywhere Tier 2', 'ASU Service - Sun Devil Fitness', 'ASU Service - MU Information Desk', 'ASU Service - Sun Devil Dining', 'ASU Service - Student Government', 'ASU Service - Strategic Initiatives', 'ASU Read Only', 'ASU Marketing User', 'ASU Service - Financial Aid', 'ASU Service - Registrar', 'ASU Service - Student Business Services', 'ASU View All Data', 'ASU Service - ASU Online', 'ASU Service - ESM Online', 'ASU Service - Help Desk', 'ASU Service - W. P. Carey Tech Services', 'ASU Service - Tech Studio', 'ASU Service - Engineering IT', 'ASU Service - Identity Management', 'ASU Service - Student Success Innovations', 'ASU Service - Office of the President', 'ASU Service - Library Services(ARCHIVE)', 'ASU Service - Integrated Services', 'ASU Service - TEMPLATE', 'ASU Service - Graduate College', 'ASU Recruitment - Applicant Services', 'ASU Recruitment - Business Operations', 'ASU Recruitment - Freshman Recruiter', 'ASU Recruitment - Admission Services', 'ASU Recruitment - Transfer Recruiter', 'ASU Recruitment - International Recruiter', 'ASU Recruitment - Events', 'ASU Recruitment - Havasu', 'ASU Recruitment - Leads (ESISD)', ""ASU Service - Engineering - Dean's Office"", 'ASU Service - Engineering - GOEE', 'ASU Service - Engineering - Poly', 'ASU Service - Engineering - SBHSE', 'ASU Service - Engineering - SEMTE', 'ASU Service - Engineering - SSEBE', 'ASU Service - Engineering - ECEE', 'ASU Service - Engineering - CIDSE', 'ASU Service - Access ASU Outreach', 'ASU Service - New Student Programs', 'ASU Service - University Housing', 'ASU Training - College of ASU', 'ASU Training - Department of ASU', 'ASU Service - Sustainability', 'ASU Service - Teachers College', 'ASU Service - Public Service', 'ASU Service - Nursing', 'ASU Service - Health Solutions', 'ASU Service - New College', 'ASU Service - Universal Learner Courses', 'ASU Service - LMS Support', 'ASU Service - Academic Transfer Credit Solutions', ""ASU Service - TC - Dean's Office"", 'ASU Service - TC - English', 'ASU Service - TC - SILC', 'ASU Service - TC - SHPRS', 'ASU Service - TC - SESE', 'ASU Service - TC - SOLS', 'ASU Service - TC - SoMSS', 'ASU Service - TC  - SMS', 'ASU Service - TC - Physics', 'ASU Service - TC - Psychology', 'ASU Service - Curricular Activities and Actions', 'ASU Service - TC - STS', 'ASU Service - TC - SGSUP', 'ASU Service - TC - HDSHC', 'ASU Service - TC - SPGS', 'ASU Service - TC - SHESC', 'ASU Service - Integrative Sciences and Arts', 'ASU Service - Global Education Office', 'ASU Service - Student & Cultural Engagement', 'ASU Service - International Student Engagement', 'ASU Service - Changemaker Central', 'ASU Recruitment - Freshman Recruiter (Temp Access to Org Wide)', 'ASU Service - Sun Devil Athletics', 'ASU Service - Office of the President (Temp Access to Org Wide)', 'ASU Service - ASU-USA Pathways', 'ASU Service - First in the World Grant', 'ASU Service - ITCSS Library Services', 'ASU Service - Success Coach', 'ASU Service - TC - ISSR', 'ASU Service - Academic Partnerships', 'ASU Service - Student Accessibility and Inclusive Learning Services', 'ASU Recruitment - Business Intelligence', 'System Administrator', 'Marketing User']",['Role: EdPlus Coach Portal (Non-Success Coach)'],[]
EdPlusAggregatedNotesControllerTest,['System Administrator'],[],[]
EdPlusEarnedAdmissionController,['System Administrator'],[],[]
EdPlusEarnedAdmissionControllerTest,['System Administrator'],[],[]
EdPlusUtilities,['System Administrator'],[],[]
EdPlusUtilitiesTest,['System Administrator'],[],[]
EffectiveIdentityCallout,['System Administrator'],[],[]
EmailAPIService,['System Administrator'],[],[]
EmailAPIServiceTest,['System Administrator'],[],[]
EmailMessageDispatcher,['System Administrator'],[],[]
EmailMessageFactory,['System Administrator'],[],[]
EmailMessageFailureMock,['System Administrator'],[],[]
EmailMessageService,['System Administrator'],[],[]
EmailMessageSuccessMock,['System Administrator'],[],[]
EmailMessageTriggerTest,['System Administrator'],[],[]
EmailMessageViewerController,"['ASU Service - Success Coach', 'System Administrator']","['Role: Academic Advisor Portal (Service Users)', 'Role: EdPlus Coach Portal (Non-Success Coach)', 'Success Portal Management (EdPlus)']",[]
EmailMessageViewerControllerTest,['System Administrator'],[],[]
EmailTransformer,['System Administrator'],[],[]
EmailTransformerTest,['System Administrator'],[],[]
ErrorLogger,['System Administrator'],[],[]
ErrorLoggerTest,['System Administrator'],[],[]
ExternalObjectQueryController,['System Administrator'],[],[]
ExternalObjectQueryControllerTest,['System Administrator'],[],[]
FamilyPortalController,"['Family Portal Profile', 'ASU Community', 'ASU Community CAP', 'System Administrator']",[],[]
FamilyPortalControllerTest,['System Administrator'],[],[]
FamilyPortalGuardianDeduplicationService,"['Family Portal Profile', 'ASU Community', 'ASU Community CAP', 'System Administrator']",[],[]
FamilyPortalGuardianDispatcher,"['Family Portal Profile', 'ASU Community', 'ASU Community CAP', 'System Administrator']",[],[]
FamilyPortalGuardianTriggerTest,['System Administrator'],[],[]
FamilyPortalInterestDeduplicationService,"['Family Portal Profile', 'ASU Community', 'ASU Community CAP', 'System Administrator']",[],[]
FamilyPortalStudentDeduplicationService,"['Family Portal Profile', 'ASU Community', 'ASU Community CAP', 'System Administrator']",[],[]
FeedbackButtonController,['System Administrator'],[],[]
FeedbackButtonControllerTest,['System Administrator'],[],[]
FeedbackButtonService,['System Administrator'],['Role: Academic Advisor Portal (Service Users)'],[]
FeedbackButtonServiceTest,['System Administrator'],[],[]
FeedbackController,['System Administrator'],[],[]
FeedbackControllerTest,['System Administrator'],[],[]
FinancialAidPackageHandler,['System Administrator'],[],[]
FinancialAidPackageTriggerTest,['System Administrator'],[],[]
ForgotPasswordController,['System Administrator'],['Additional Administrator Permissions'],[]
ForgotPasswordControllerTest,['System Administrator'],['Additional Administrator Permissions'],[]
FullCaseCommentsComponentController,['System Administrator'],[],[]
FullCaseCommentsComponentControllerTest,['System Administrator'],[],[]
FullCaseCommentsController,['System Administrator'],[],[]
FullCaseCommentsControllerTest,['System Administrator'],[],[]
FYSConversationUpdateHandler,['System Administrator'],"['SMS Magic Academic Advising', 'SMS Magic First Year Success Coach']","['SMS Magic Users - Academic Advisors Manager', 'SMS Magic Users - Academic Advisors Staff', 'SMS Magic Users - FYS']"
FYSConversationUpdateTriggerTest,['System Administrator'],"['SMS Magic Academic Advising', 'SMS Magic First Year Success Coach']","['SMS Magic Users - Academic Advisors Manager', 'SMS Magic Users - Academic Advisors Staff', 'SMS Magic Users - FYS']"
FYSStudentWrapper,['System Administrator'],[],[]
GenerateReferenceIdOnEmailBody,['System Administrator'],[],[]
GenerateReferenceIdOnEmailBodyTest,['System Administrator'],[],[]
GroupFactory,['System Administrator'],[],[]
GroupService,['System Administrator'],[],[]
Hasher,['System Administrator'],[],[]
HelpDeskController,['System Administrator'],[],[]
HelpDeskControllerTest,['System Administrator'],[],[]
HTTPRestService_EnterpriseContact,['System Administrator'],[],[]
HTTPRestService_EnterpriseContactTest,['System Administrator'],[],[]
HTTPRestService_InContact,['System Administrator'],[],[]
HTTPRestService_InContactTest,['System Administrator'],[],[]
HTTPRestService_InContact_MockImpl,['System Administrator'],[],[]
HTTPRestService_MarketingCloud,['System Administrator'],[],[]
HTTPRestService_RocketChat,['System Administrator'],[],[]
HTTPRestService_RocketChatTest,['System Administrator'],[],[]
HTTPRestService_RocketChat_MockImpl,['System Administrator'],[],[]
IDHelper,['System Administrator'],[],[]
IDHelperTest,['System Administrator'],[],[]
IDispatch,['System Administrator'],[],[]
IndividualEmailResultDispatcher,['System Administrator'],[],[]
IndividualEmailResultService,['System Administrator'],[],[]
IndividualEmailResultTriggerTest,['System Administrator'],[],[]
InsertEmailMessage,"['My ASU Profile', 'System Administrator']",[],[]
InsertEmailMessageCalloutBody,['System Administrator'],[],[]
InsertEmailMessageCalloutBodyTest,['System Administrator'],[],[]
InsertEmailMessageTest,['System Administrator'],[],[]
InvalidSelfServicePinException,['System Administrator'],[],[]
ITrigger,['System Administrator'],['Additional Administrator Permissions'],[]
JiraAddCommentFormController,"['ASU Community', 'ASU Community CAP', 'System Administrator']",[],[]
JiraAddCommentFormControllerTest,['System Administrator'],[],[]
JiraHttpMockCallout,['System Administrator'],[],[]
JiraReportIssueController,"['ASU Community', 'ASU Community CAP', 'System Administrator']",[],[]
JiraReportIssueControllerTest,['System Administrator'],[],[]
JiraViewAllIssuesController,"['ASU Community', 'ASU Community CAP', 'System Administrator']",[],[]
JiraViewAllIssuesControllerTest,['System Administrator'],[],[]
JIRAWebserviceCallout,['System Administrator'],[],[]
JiraWebserviceCalloutTest,['System Administrator'],[],[]
JITStudentHandler,['System Administrator'],[],[]
JITStudentHandlerTest,['System Administrator'],[],[]
JITUserHandler,['System Administrator'],[],[]
JITUserHandlerTest,['System Administrator'],[],[]
KnowledgeArticleFactory,['System Administrator'],[],[]
LeadCommunicationHistoryController,['System Administrator'],[],[]
LeadCommunicationHistoryControllerTest,['System Administrator'],[],[]
LeadDeleter,['System Administrator'],[],[]
LeadDeleterTest,['System Administrator'],[],[]
LeadFactory,['System Administrator'],[],[]
LeadHandler,['System Administrator'],['Additional Administrator Permissions'],[]
LeadHashUpdateBatch,['System Administrator'],[],[]
LeadScrambler,['System Administrator'],[],[]
LeadScramblerTest,['System Administrator'],[],[]
LeadService,['System Administrator'],[],[]
LeadsOperationsForSandBoxRefresh,['System Administrator'],[],[]
LeadsOperationsForSandBoxRefreshTest,['System Administrator'],[],[]
LeadSubscriberOptInBatch,['System Administrator'],[],[]
LeadTriggerTest,['System Administrator'],[],[]
Link,['System Administrator'],[],[]
ListViewController,['System Administrator'],[],[]
ListViewControllerTest,['System Administrator'],[],[]
LiveAgentNoticesController,['System Administrator'],[],[]
LiveAgentNoticesControllerTest,['System Administrator'],[],[]
LiveAgentPostSurveyController,['System Administrator'],[],[]
LiveAgentPostSurveyControllerTest,['System Administrator'],[],[]
LiveAgentPreSurveyController,['System Administrator'],[],[]
LiveAgentPreSurveyControllerTest,['System Administrator'],[],[]
LiveAgentUtils,['System Administrator'],[],[]
LogSuite,['System Administrator'],[],[]
MarketingCloudEmailLinkMockCallout,['System Administrator'],[],[]
MarketingCloudEmailLinkWebService,['System Administrator'],[],[]
MarketingCloudEmailLinkWebServiceTest,['System Administrator'],[],[]
MarketingCloudViewEmailController,['System Administrator'],[],[]
MarketingCloudViewEmailControllerTest,['System Administrator'],[],[]
MassHashUpdateBatch,['System Administrator'],[],[]
MassHashUpdateBatchTest,['System Administrator'],[],[]
MCSMSOptInController,['System Administrator'],[],[]
MCSMSOptInControllerTest,['System Administrator'],[],[]
MockHttpBulkAPI,['System Administrator'],[],[]
MockHttpResponseGen_EnterpriseContact,['System Administrator'],[],[]
MyASUHelpAttachmentsController,['System Administrator'],[],[]
MyASUHelpAttachmentsControllerTest,['System Administrator'],[],[]
MyASUHelpController,['System Administrator'],[],[]
MyASUHelpControllerTest,['System Administrator'],[],[]
MyASUHelpPaginationController,['System Administrator'],[],[]
MyASUHelpPaginationControllerTest,['System Administrator'],[],[]
MyASUHelpViewAsService,['System Administrator'],[],[]
MyASUHelpViewAsServiceMock,['System Administrator'],[],[]
MyASUHelpViewAsServiceTest,['System Administrator'],[],[]
MyASUHelpViewAsSharingService,['System Administrator'],[],[]
MyProfilePageController,['System Administrator'],[],[]
MyProfilePageControllerTest,['System Administrator'],[],[]
NewCorporateRelationsContactController,"['ASU Corporate Relations', 'System Administrator']",['Role: Corporate Relations'],[]
NewCorporateRelationsControllerTest,['System Administrator'],[],[]
NonAuthenticatedLiveAgentController,['System Administrator'],[],[]
NonAuthenticatedLiveAgentControllerTest,['System Administrator'],[],[]
NonAuthenticatedLiveAgentLandingPage,['System Administrator'],[],[]
NonAuthenticatedLiveAgentLandingPageTest,['System Administrator'],[],[]
ObjectScramble,['System Administrator'],[],[]
ObjectScrambleBatch,['System Administrator'],[],[]
ObjectScrambleInitiatorController,['System Administrator'],[],[]
ObjectScrambleService,['System Administrator'],[],[]
ObjectScrambleServiceTest,['System Administrator'],[],[]
ObjectService,['System Administrator'],[],[]
omnichannelController,['System Administrator'],"['SMS Magic Academic Advising', 'SMS Magic First Year Success Coach']","['SMS Magic Users - Academic Advisors Manager', 'SMS Magic Users - Academic Advisors Staff', 'SMS Magic Users - FYS']"
OmniChannelControllerTest,['System Administrator'],[],[]
OpportunityFactory,['System Administrator'],[],[]
OpportunityHandler,['System Administrator'],['Additional Administrator Permissions'],[]
OpportunityService,['System Administrator'],[],[]
OpportunityTriggerTest,['System Administrator'],[],[]
OrgWideEmailAddressService,['System Administrator'],[],[]
OWEAServiceTest,['System Administrator'],[],[]
PersistenceFeedbackController,['System Administrator'],[],[]
PersistenceFeedbackControllerTest,['System Administrator'],[],[]
PickListDescController,"['ASU Service - Success Coach', 'System Administrator']","['Role: Academic Advisor Portal (Service Users)', 'Role: EdPlus Coach Portal (Non-Success Coach)', 'Success Portal Management (EdPlus)']",[]
PickListDescControllerTest,['System Administrator'],[],[]
PicklistDescriber,"['ASU Service - Success Coach', 'System Administrator']","['Role: Academic Advisor Portal (Service Users)', 'Role: EdPlus Coach Portal (Non-Success Coach)', 'Success Portal Management (EdPlus)']",[]
PicklistDescriberTest,['System Administrator'],[],[]
pkb_Controller,"['Public Knowledge Base for ASU Profile', 'System Administrator']",['Additional Administrator Permissions'],[]
pkb_ControllerTest,['System Administrator'],[],[]
pkb_Mobile_ConfigController,['System Administrator'],['Additional Administrator Permissions'],[]
pkb_Mobile_CustomSettingModel,['System Administrator'],['Additional Administrator Permissions'],[]
pkb_SecurityHandler,['System Administrator'],['Additional Administrator Permissions'],[]
pkb_SettingsController,['System Administrator'],['Additional Administrator Permissions'],[]
pkb_SiteMap,['System Administrator'],['Additional Administrator Permissions'],[]
PortalEmailDispatcher,['System Administrator'],[],[]
PortalEmailService,['System Administrator'],[],[]
PortalEmailServiceTest,['System Administrator'],[],[]
PreviousEducationHandler,['System Administrator'],[],[]
PreviousEducationTriggerTest,['System Administrator'],[],[]
ProfileAuditController,['System Administrator'],"['Additional Administrator Permissions', 'Profile Audit Search']",[]
ProfileAuditControllerTest,['System Administrator'],[],[]
ProfileService,['System Administrator'],[],[]
PSCountryMapService,['System Administrator'],[],[]
PSCountryMapServiceTest,['System Administrator'],[],[]
QADefaultHandler,['System Administrator'],[],[]
QADefaultHandlerTest,['System Administrator'],[],[]
Query,['System Administrator'],[],[]
QueryTest,['System Administrator'],[],[]
QueueFactory,['System Administrator'],[],[]
RelationshipDispatcher,['System Administrator'],[],[]
RelationshipService,['System Administrator'],[],[]
RelationshipTriggerTest,['System Administrator'],[],[]
RestCallResponse,['System Administrator'],[],[]
RestCallResponseTest,['System Administrator'],[],[]
SandboxRefreshService,['System Administrator'],[],[]
SandboxRefreshServiceTest,['System Administrator'],[],[]
ScheduledStalledSMSDetector,['System Administrator'],[],[]
ScheduledStalledSMSDetectorTest,['System Administrator'],[],[]
Scrambler,['System Administrator'],[],[]
ScramblerTest,['System Administrator'],[],[]
SearchUsers,"['ASU View All Data', 'System Administrator']",[],[]
SearchUsersTest,['System Administrator'],[],[]
SendDefinitionFactory,['System Administrator'],[],[]
showMyCoachCasesController,['System Administrator'],[],[]
ShowMyCoachCasesControllerTest,['System Administrator'],[],[]
showMyCoachingStudentsController,['System Administrator'],[],[]
ShowMyCoachingStudentsTest,['System Administrator'],[],[]
SilverpopDeleter,['System Administrator'],[],[]
SilverpopDeleterTest,['System Administrator'],[],[]
SingleRequestMock,['System Administrator'],[],[]
SiteLoginController,['System Administrator'],['Additional Administrator Permissions'],[]
SiteLoginControllerTest,['System Administrator'],['Additional Administrator Permissions'],[]
SiteRegisterController,['System Administrator'],['Additional Administrator Permissions'],[]
SiteRegisterControllerTest,['System Administrator'],['Additional Administrator Permissions'],[]
SortableClass,['System Administrator'],[],[]
SortableClassTest,['System Administrator'],[],[]
SortableCreditByExam,['System Administrator'],[],[]
SortableCreditByExamTest,['System Administrator'],[],[]
SortableTransferWork,['System Administrator'],[],[]
SortableTransferWorkTest,['System Administrator'],[],[]
StudentGroupService,['System Administrator'],[],[]
StudentProfileController,"['ASU Service - ASU Local', 'ASU Service - International Students and Scholars Center SMS', 'ASU Service - Information Technology Support Hub', 'ASU Service - SMS API', 'ASU Service - First Year Success Center', 'ASU Service - Career Services', 'ASU Service - University Academic Success Programs', 'ASU Service - International Students and Scholars Center', 'ASU Service - American Indian Student Support Services', 'ASU Service - Dean of Students', 'ASU Service - Financial Aid', 'ASU Service - Registrar', 'ASU Service - Student Business Services', 'ASU View All Data', 'ASU Service - Help Desk', 'ASU Service - Integrated Services', 'ASU Service - University Housing', 'System Administrator']",['Role: Student Profile'],[]
StudentProfileControllerTest,['System Administrator'],[],[]
StudentProgramPlanDispatcher,['System Administrator'],[],[]
StudentProgramPlanService,['System Administrator'],[],[]
StudentProgramPlanTriggerTest,['System Administrator'],[],[]
SubscriberDispatcher,['System Administrator'],[],[]
SubscriberFactory,['System Administrator'],[],[]
SubscriberHashUpdateBatch,['System Administrator'],[],[]
SubscriberService,['System Administrator'],[],[]
SubscriberTriggerTest,['System Administrator'],[],[]
SubscriptionCenterController,['System Administrator'],[],[]
SubscriptionCenterTest,['System Administrator'],[],[]
SubscriptionDispatcher,['System Administrator'],[],[]
SubscriptionFactory,['System Administrator'],[],[]
SubscriptionHashUpdateBatch,['System Administrator'],[],[]
SubscriptionService,['System Administrator'],[],[]
SuccessPodFactory,['System Administrator'],[],[]
SuccessRecodingController,['System Administrator'],[],[]
SuccessRecodingControllerTest,['System Administrator'],[],[]
SuccessResourceFactory,['System Administrator'],[],[]
SuccessResourcePodAssociationFactory,['System Administrator'],[],[]
SuccessStudentDispatcher,['System Administrator'],[],[]
SuccessStudentFactory,['System Administrator'],[],[]
SuccessStudentOutreachCaseCreator,['System Administrator'],[],[]
SuccessStudentTriggerTest,['System Administrator'],[],[]
SummaryListController,['System Administrator'],[],[]
SummaryListControllerTest,['System Administrator'],[],[]
SuncardPhotoController,['System Administrator'],[],[]
SuncardPhotoControllerTest,['System Administrator'],[],[]
SuncardPhotoService,['System Administrator'],[],[]
TermService,['System Administrator'],[],[]
TerritoryAssignmentHelper,['System Administrator'],[],[]
TerritoryAssignmentHelperTest,['System Administrator'],[],[]
TerritoryAssignmentRuleService,['System Administrator'],[],[]
TestDataFactory,['System Administrator'],[],[]
TestEmailSendHelper,['System Administrator'],[],[]
TestEngagementContactsHandler,['System Administrator'],[],[]
TestEngagementContactsTriggerTest,['System Administrator'],[],[]
TestFactory,['System Administrator'],[],[]
TestHelpdeskProfileCallCenter,['System Administrator'],[],[]
TopFiveArticleController,"['ASU Recruitment - Team (ESISD)', 'ASU Recruitment - Graduate Recruiter', 'ASU Chatter User', 'ASU View All Data', 'ASU Recruitment - Applicant Services', 'ASU Recruitment - Business Operations', 'ASU Recruitment - Freshman Recruiter', 'ASU Recruitment - Admission Services', 'ASU Recruitment - Transfer Recruiter', 'ASU Recruitment - International Recruiter', 'ASU Recruitment - Events', 'ASU Recruitment - Havasu', 'ASU Recruitment - Leads (ESISD)', 'ASU Chatter Marketing Cloud User', 'ASU Recruitment - Freshman Recruiter (Temp Access to Org Wide)', 'ASU Recruitment - Business Intelligence', 'System Administrator', 'Standard User']",['Additional Administrator Permissions'],[]
TopFiveArticleControllerAKB,['System Administrator'],[],[]
TopFiveArticleControllerAKBTest,['System Administrator'],[],[]
TopFiveArticleControllerTest,['System Administrator'],[],[]
TriggerFactory,['System Administrator'],['Additional Administrator Permissions'],[]
UndergradNewProspectController,['System Administrator'],[],[]
UndergradNewProspectControllerTest,['System Administrator'],[],[]
UnifiedProspectPageController,"['ASU Recruitment - Team (ESISD)', 'ASU Recruitment - Graduate Recruiter', 'ASU Recruitment - Applicant Services', 'ASU Recruitment - Business Operations', 'ASU Recruitment - Freshman Recruiter', 'ASU Recruitment - Admission Services', 'ASU Recruitment - Transfer Recruiter', 'ASU Recruitment - International Recruiter', 'ASU Recruitment - Events', 'ASU Recruitment - Havasu', 'ASU Recruitment - Leads (ESISD)', 'ASU Recruitment - Freshman Recruiter (Temp Access to Org Wide)', 'ASU Recruitment - Business Intelligence', 'System Administrator']",['Role: Recruiting (Service Users)'],[]
UnifiedProspectPageControllerTest,['System Administrator'],[],[]
UnsubscribeController,['System Administrator'],[],[]
UnsubscribeControllerTest,['System Administrator'],[],[]
UpdateConvSharingTriggerHandler,['System Administrator'],[],[]
UpdateConvSharingTriggerTest,['System Administrator'],[],[]
UpdateOpportunityOwnerController,['System Administrator'],[],[]
UpdateOpportunityOwnerControllerTest,['System Administrator'],[],[]
UpdateTerm,['System Administrator'],[],[]
UpdateTermTest,['System Administrator'],[],[]
UserChatterGroupHandler,['System Administrator'],[],[]
UserDeprovisioner,['System Administrator'],[],[]
UserDeprovisionOrganizer,['System Administrator'],[],[]
UserDeprovisionOrganizerTest,['System Administrator'],[],[]
UserDeprovisionQueue,['System Administrator'],[],[]
UserFactory,['System Administrator'],[],[]
UserHandler,['System Administrator'],[],[]
UserPresenceController,['System Administrator'],"['SMS Magic Academic Advising', 'SMS Magic First Year Success Coach']","['SMS Magic Users - Academic Advisors Manager', 'SMS Magic Users - Academic Advisors Staff', 'SMS Magic Users - FYS']"
UserPresenceControllerTest,['System Administrator'],"['SMS Magic Academic Advising', 'SMS Magic First Year Success Coach']","['SMS Magic Users - Academic Advisors Manager', 'SMS Magic Users - Academic Advisors Staff', 'SMS Magic Users - FYS']"
UserScrambler,['System Administrator'],[],[]
UserScramblerTest,['System Administrator'],[],[]
UserService,['System Administrator'],[],[]
UserTriggerTest,['System Administrator'],[],[]
Util_JSONParser,['System Administrator'],[],[]
Util_JSONParserTest,['System Administrator'],[],[]
Validator,['System Administrator'],[],[]
ValidatorTest,['System Administrator'],[],[]
ViewAllArticlesController,['System Administrator'],[],[]
ViewAllCasesController,['System Administrator'],[],[]
ViewAllCasesControllerTest,['System Administrator'],[],[]
ViewAsController,['System Administrator'],[],[]
ViewAsControllerTest,['System Administrator'],[],[]
ViewCaseController,['System Administrator'],[],[]
Visualstrap,['System Administrator'],[],[]
VisualstrapTest,['System Administrator'],[],[]
